Neighbourhood,Median Household Income 2021
New York City,67997
Manhattan,84435
Battery Park/Tribeca,57565.1155
Greenwich Village,84977.8845
Lower East Side,49685
Chelsea/Clinton,61873.1574
Midtown Business District,30966.8426
Murray Hill/Stuyvesant,117596
Upper West Side,113828
Upper East Side,130527
Manhattanville,53592
Central Harlem,45230
East Harlem,41341
Washington Heights,54717
Bronx,43011
Mott Haven,19204.8029
Hunts Point,10966.1971
Morrisania,14749.83
Concourse/Highbridge,41636
University Heights,34894
East Tremont,15398.1701
Bedford Park,37648
Riverdale,62243
Unionport/Soundview,39322
Throgs Neck,57007
Pelham Parkway,57394
Williamsbridge,61528
Brooklyn,67567
Williamsburg/Greenpoint,101442
Fort Greene/Brooklyn Hts,120556
Bedford Stuyvesant,68618
Bushwick,70582
East New York,52670
Park Slope,144733
Sunset Park,58841
Crown Heights North,73101
Crown Heights South,62958
Bay Ridge,73633
Bensonhurst,55977
Borough Park,57754
Coney Island,41541
Flatbush/Midwood,66097
Sheepshead Bay,64106
Brownsville,38285
East Flatbush,60811
Canarsie,76340
Queens,73262
Astoria,73539
Sunnyside/Woodside,80708
Jackson Heights,65860
Elmhurst/Corona,63453
Ridgewood/Glendale,69726
Rego Park/Forest Hills,88917
Flushing,60896
Fresh Meadows/Briarwood,74493
Woodhaven,75207
Howard Beach,82604
Bayside,86731
Jamaica/St. Albans,68682
Queens Village,97288
The Rockaways,51643
Staten Island,86054
St. George,72727
South Beach,81111
Tottenville,103200